"ID","Type","SKU","Name","Published","Is featured?","Visibility in catalog","Short description","Description","Date sale price starts","Date sale price ends","Tax status","Tax class","In stock?","Stock","Low stock amount","Backorders allowed?","Sold individually?","Weight (kg)","Length (cm)","Width (cm)","Height (cm)","Allow customer reviews?","Purchase note","Sale price","Regular price","Categories","Tags","Shipping class","Images","Download limit","Download expiry days","Parent","Grouped products","Upsells","Cross-sells","External URL","Button text","Position","Attribute 1 name","Attribute 1 value(s)","Attribute 1 visible","Attribute 1 global","Attribute 2 name","Attribute 2 value(s)","Attribute 2 visible","Attribute 2 global","Attribute 3 name","Attribute 3 value(s)","Attribute 3 visible","Attribute 3 global"
"549","variable","","Small Driftwood Tote","1","0","visible","The perfect daily carryall, the Small Driftwood Tote seamlessly transitions from dockside mornings to farmers market afternoons. Handcrafted from heavy, industrial-grade 18oz cotton canvas and premium full-grain, vegetable-tanned leather, it is built for exceptional durability. Featuring comfortable, leather-wrapped handles for a confident grip and smart pockets to keep essentials organized, this timeless bag is backed by a lifetime guarantee.","The tote you&#8217;ll reach for every day — from dockside mornings to farmers market afternoons. Crafted from heavy 18oz canvas and full-grain, vegetable-tanned leather, it&#8217;s built to last and look good doing it. Leather-wrapped straps fit comfortably in hand or over the shoulder. Smart pockets keep essentials close, while durable stitching stands up to years of use. Whether you&#8217;re carrying a book, a tablet, or snacks for the journey, it&#8217;s ready to go. Backed by our lifetime guarantee — pairs well with the Large Driftwood Tote. Discover Your Will.  Materials  Industrial grade 18oz 100% cotton canvas Full-grain, vegetable tanned leather YKK nylon zipper Industrial grade heavy gauge nylon thread Imported  Dimensions  Height: 12.5&#8243; Length: 20&#8243; Width: 7.5&#8243; Handle Drop &#8211; 10.25&#8243;","","","taxable","","1","","","0","0","","","","","1","","","57.00","Leather &amp; Canvas Backpacks, Women's Bags","","","https://amezashopify.com/wp-content/uploads/2026/05/31850_SMALL_DRIFTWOOD_TOTE_RED_002.webp, https://amezashopify.com/wp-content/uploads/2026/05/31850_SMALL_DRIFTWOOD_TOTE_RED_003.webp, https://amezashopify.com/wp-content/uploads/2026/05/31850_SMALL_DRIFTWOOD_TOTE_YELLOW_002.webp, https://amezashopify.com/wp-content/uploads/2026/05/31850_SMALL_DRIFTWOOD_TOTE_RED_001.webp, https://amezashopify.com/wp-content/uploads/2026/05/31850_SMALL_DRIFTWOOD_TOTE_RED_000.webp, https://amezashopify.com/wp-content/uploads/2026/05/31850_SMALL_DRIFTWOOD_TOTE_RED_004.webp, https://amezashopify.com/wp-content/uploads/2026/05/31850_SMALL_DRIFTWOOD_TOTE_YELLOW_003.webp, https://amezashopify.com/wp-content/uploads/2026/05/31850_SMALL_DRIFTWOOD_TOTE_YELLOW_001.webp, https://amezashopify.com/wp-content/uploads/2026/05/31850_SMALL_DRIFTWOOD_TOTE_YELLOW_000.webp, https://amezashopify.com/wp-content/uploads/2026/05/31850_SMALL_DRIFTWOOD_TOTE_YELLOW_004.webp","","","","","","","","","0","Color","Red|Yellow","1","1","","","0","0","","","0","0"
"536","variable","","Simple Mini Hobo Shoulder","1","0","visible","Crafted from smooth, waxy full-grain leather that softens and develops a rich patina with use, the Simple Mini Hobo Shoulder bag features a relaxed, lightweight, and unlined silhouette. A secure top YKK zipper opens to a streamlined interior with a single slip pocket for easy organization, while reinforced stitching and antique brass hardware provide long-lasting durability. Equipped with a removable shoulder strap, it&#8217;s an effortless everyday staple backed by a lifetime guarantee.","The Simple Hobo Shoulder is crafted from smooth, waxy full-grain leather that softens and develops character with every day of use. Lightweight and unlined, the construction highlights the honesty of the material, creating a relaxed silhouette designed to move naturally with you.  A top YKK zipper keeps your essentials secure, opening to an unlined interior with a single slip pocket for simple organization. Reinforced stitching and rivet placement add strength where it matters most, finished with tone-on-tone stitching for a clean, understated look. Antique brass hardware provides lasting durability, while the removable shoulder strap allows for versatile, comfortable carry.  Finished with waxed cord accents and the signature hanging Will Leather Goods medallion, the Simple Hobo Shoulder is easy to wear, dependable in build, and made for everyday use.  We stand behind our product—guaranteed for life.  Materials  Full grain vegetable-tanned leather. Antique Brass hardware. Thick wax chord. Imported  Dimensions Bag:   Shoulder Drop: 9.5in Height: 8.75in Width: 10.5in Depth: 2.75in  Internal Pocket :   Height: 4.25in Width: 8.25in","","","taxable","","1","","","0","0","","","","","1","","","165.00","Leather &amp; Canvas Backpacks, Women's Bags","","","https://amezashopify.com/wp-content/uploads/2026/05/31926_SIMPLE_HOBO_SHOULDER_BLUE_001-1.webp, https://amezashopify.com/wp-content/uploads/2026/05/31926_SIMPLE_HOBO_SHOULDER_BLUE_003.webp, https://amezashopify.com/wp-content/uploads/2026/05/31926_SIMPLE_HOBO_SHOULDER_BLUE_004.webp, https://amezashopify.com/wp-content/uploads/2026/05/31926_SIMPLE_HOBO_SHOULDER_BLUE_002.webp, https://amezashopify.com/wp-content/uploads/2026/05/31926_SIMPLE_HOBO_SHOULDER_BLUE_003-1.webp, https://amezashopify.com/wp-content/uploads/2026/05/31926_SIMPLE_HOBO_SHOULDER_BLUE_001.webp, https://amezashopify.com/wp-content/uploads/2026/05/31926_SIMPLE_HOBO_SHOULDER_BLUE_005.webp, https://amezashopify.com/wp-content/uploads/2026/05/31926_SIMPLE_HOBO_SHOULDER_BLUE_006.webp, https://amezashopify.com/wp-content/uploads/2026/05/31926_SIMPLE_HOBO_SHOULDER_BLUE_004-1.webp, https://amezashopify.com/wp-content/uploads/2026/05/31926_SIMPLE_HOBO_SHOULDER_BLUE_002-1.webp, https://amezashopify.com/wp-content/uploads/2026/05/31926_SIMPLE_HOBO_SHOULDER_BLUE_003-2.webp, https://amezashopify.com/wp-content/uploads/2026/05/31926_SIMPLE_HOBO_SHOULDER_BLUE_001-1.webp","","","","","","","","","0","Color","Blue","1","1","","","0","0","","","0","0"
"530","variable","","365 All Leather Tote","1","0","visible","","Our 365 Signature Leather Tote is handcrafted from a soft and supple full-grain, vegetable-tanned leather. Featuring large exterior pockets and a detachable 100% cotton herringbone adjustable crossbody strap with a removable gel shoulder pad for convenient carrying and easy access to your essentials. Its roomy interior has three leather pockets for organization and is lined with our rustic Signature plaid. The All Leather Tote has box-stitched rolled leather handles with dual-rivet reinforcement to ensure its durability. We stand behind our product—guaranteed for life.  Materials  Full-grain, vegetable tanned leather Steel-molded Zamac Hardware Steel RivetsSteel Snaps Industrial grade heavy guage nylon thread Brass YKK Zippers Imported  Dimensions  Height: 12.5&#8243; Length: 19&#8243; Width: 5.25&#8243;2 Exterior Side Pockets &#8211; H: 6.875&#8243; L: 10.75&#8243; Interior Laptop Pocket &#8211; H: 10.25&#8243; L: 18&#8243; Interior Zip Pocket &#8211; H: 5&#8243; L: 9.5&#8243; Interior Key Clip: H: .75&#8243; L: 0.375&#8243; Pocket Below Handle &#8211; H: 5&#8243; L: 8.25&#8243; Handle Drop &#8211; 9.75&#8243; Strap &#8211; 39.5&#8243; &#8211; 63.5&#8243;","","","taxable","","1","","","0","0","","","","","1","","","465.00","Leather &amp; Canvas Backpacks, Women's Bags","","","https://amezashopify.com/wp-content/uploads/2026/05/30022_ALL_LEATHER_SATCHELL_BLACK_002.webp","","","","","","","","","0","Color","Black|Tan","1","1","","","0","0","","","0","0"
"520","variable","","Simple Mini Satchel","1","0","visible","Crafted from smooth, waxy full-grain leather that beautifully softens with age, the Simple Mini Satchel features a lightweight, unlined construction that celebrates its natural materials. A secure top YKK zipper opens to a streamlined interior with a single slip pocket, while reinforced stitching and antique brass hardware provide enduring strength. Complete with a detachable shoulder strap for hands-free carrying, it&#8217;s a dependable everyday companion backed by a lifetime guarantee.","The Simple Mini Satchel is crafted from smooth, waxy full-grain leather that softens and develops character with every day of use. Its lightweight, unlined construction highlights the honesty of the material, creating a compact silhouette that feels natural, easy, and built for the long road ahead.  A top YKK zipper keeps your essentials secure, opening to an unlined interior with a single slip pocket for simple organization. Reinforced stitching and rivet placement add strength where it matters most, while durable, tone-on-tone stitching ensures a clean, understated finish. Antique brass hardware brings a timeless touch, designed to wear beautifully over time.  Finished with waxed cord accents, a detachable shoulder strap for hands-free carry, and the signature hanging Will Leather Goods medallion, the Simple Mini Satchel is dependable in build and made to move with you—day after day. We stand behind our product—guaranteed for life.  Materials  Full grain vegetable-tanned leather. Antique Brass hardware. Thick wax chord. Imported  Dimensions BAG:   Drop: 4in Height: 9.25in Width: 9.75in Depth: 3.75in  INTERNAL POCKET:   Height: 4.5in Width: 7.75in","","","taxable","","1","","","0","0","","","","","1","","","175.00","Leather &amp; Canvas Backpacks, Women's Bags","","","https://amezashopify.com/wp-content/uploads/2026/05/31924_SMALL_SIMPLE_TOTE_GREEN_001.webp, https://amezashopify.com/wp-content/uploads/2026/05/31924_SMALL_SIMPLE_TOTE_BLACK_002_0aea3e6c-4ba8-4e2e-8a48-b7acbdb24676.webp, https://amezashopify.com/wp-content/uploads/2026/05/31924_SMALL_SIMPLE_TOTE_BLACK_001_4393a926-9f24-43f2-822c-633d65eecdb1.webp, https://amezashopify.com/wp-content/uploads/2026/05/31924_SMALL_SIMPLE_TOTE_GREEN_005.webp, https://amezashopify.com/wp-content/uploads/2026/05/31924_SMALL_SIMPLE_TOTE_GREEN_004.webp, https://amezashopify.com/wp-content/uploads/2026/05/31924_SMALL_SIMPLE_TOTE_GREEN_003.webp, https://amezashopify.com/wp-content/uploads/2026/05/31924_SMALL_SIMPLE_TOTE_GREEN_002.webp","","","","","","","","","0","color","Green|Black","1","1","","","0","0","","","0","0"
"510","variable","","Everyday Double Zip Leather Crossbody","1","0","visible","Handcrafted from premium full-grain, vegetable-tanned leather, the Everyday Double Zip Crossbody is the ultimate hands-free companion. It features two spacious zippered compartments for effortless organization, a quick-access exterior snap pocket, and a detachable, highly adjustable strap that transitions seamlessly from shoulder to crossbody wear. Built to last with brass YKK zippers and steel rivet reinforcements, it’s backed by a lifetime guarantee.","Our Signature Leather Everyday Double Zip Crossbody is handcrafted from full-grain, vegetable-tanned leather. Two zippered compartments allow for sensible organization for your hands-free carrying needs, while an exterior snap pocket allows for quick and convenient access. Our detachable strap is highly adjustable, allowing the Everyday to be worn on the shoulder or across the body. Steel rivet reinforcements and brass YKK zippers ensure the bag will last a lifetime. We stand behind our product—guaranteed for life.  Materials  Full-grain, vegetable tanned leather Steel-molded Zamac Hardware Steel Rivets Steel Snaps Industrial grade heavy gauge nylon thread Brass YKK Zippers Imported  Dimensions  Height: 6.25 Length: 8.25 Width: 2.5 Exterior Pocket &#8211; H: 4.5, L: 7.25 Interior Zipper Pocket &#8211; H: 4.5,  L: 4.75 Card Slots &#8211; H: 3,  L: 3.625 2 Interior Zipper Pockets &#8211; H: 3.5, H: 5.25 Strap: 45, &#8211; 55.5","","","taxable","","1","","","0","0","","","","","1","","","255.00","Leather &amp; Canvas Backpacks, Women's Bags","","","https://amezashopify.com/wp-content/uploads/2026/05/Everyday-Double-Zip-Leather-Crossbody.webp, https://amezashopify.com/wp-content/uploads/2026/05/31734_EVERYDAY_DOUBLEZIP_CROSSBODY_COGNAC_AND_TAN_003.webp, https://amezashopify.com/wp-content/uploads/2026/05/31734_EVERYDAY_DOUBLEZIP_CROSSBODY_BLACK_AND_COGNAC_003.webp, https://amezashopify.com/wp-content/uploads/2026/05/31734_EVERYDAY_DOUBLEZIP_CROSSBODY_BLACK_AND_COGNAC_002.webp, https://amezashopify.com/wp-content/uploads/2026/05/Everyday-Double-Zip-Leather-Crossbody-2.webp, https://amezashopify.com/wp-content/uploads/2026/05/31734_EVERYDAY_DOUBLEZIP_CROSSBODY_RED_AND_COGNAC_003.webp, https://amezashopify.com/wp-content/uploads/2026/05/31734_EVERYDAY_DOUBLEZIP_CROSSBODY_RED_AND_COGNAC_002.webp","","","","","","","","","0","Color","Black/Cognac|Red/Cognac","1","1","","","0","0","","","0","0"
"500","variable","","Hand Painted Color Block Belt","1","0","visible","Handcrafted from heavyweight, full-grain, vegetable-tanned leather, each Hand-Painted Color-Block Belt is an individual work of art. Artisans meticulously hand-paint the leather and add intentional creases to deliver a beautifully rich, time-worn vintage effect. Completed with a steel-molded, brass-finish buckle secured by custom-engraved Chicago screws, it offers easy customization for any 38mm buckle and comes backed by a lifetime guarantee.","Our Hand-Painted Color-Block Belt is handcrafted with heavyweight, full-grain, vegetable-tanned leather. Our artisans hand-paint each belt and add creases for a time-worn, vintage effect. The steel-molded, brass-finish buckle is connected to the strap with cow-engraved Chicago screws, allowing the buckle to be switched out for another 38-millimeter buckle of your choice. The Hand Painted Color Block Belt is built to last a lifetime. We stand behind our product—guaranteed for life.  Materials  Heavy weight, full-grain, vegetable tanned leather Steel-molded brass finish buckle Imported  DIMENSIONS  38mm size 2 Antique Brass Cow Rivets: 1cm Diameter Antique Brass Buckle: 40mm L: 2&#8243; H: 2.25&#8243; W: 0.375&#8243; 7 Holes For Adjustment | 0.5&#8243; Belt Loop","","","taxable","","1","","","0","0","","","","","1","","","125.00","Leather Belts, Women Belts","","","https://amezashopify.com/wp-content/uploads/2026/05/Hand-Painted-Color-Block-Belt.webp, https://amezashopify.com/wp-content/uploads/2026/05/Hand-Painted-Color-Block-Belt-2.webp, https://amezashopify.com/wp-content/uploads/2026/05/Hand-Painted-Color-Block-Belt-3.webp","","","","","","","","","0","Size","32|34|36|38|40|42","1","1","Color","Multi/Cognac","1","1","","","0","0"
"490","variable","","Baez Wild Ones Belt","1","0","visible","Rooted in a spirit of artistry and independence, the Baez Wild Ones Belt features premium antiqued, full-grain vegetable-tanned leather beautifully adorned with western filigree embossing, antique brass circular studs, and central antique silver diamond studs. Complete with a raw backing for an authentic vintage feel, it features a decorative &#8220;s&#8221;-shaped center-bar buckle secured by a custom Chicago screw for easy customization.","Named with a spirit of artistry and independence, the Baez Wild Ones Belt draws inspiration from music, movement, and self-expression. Its timeless construction and rugged details create a belt that feels both deeply personal and endlessly wearable.  Features  Antiqued, full grain vegetable-tanned leather. Antique brass, decorative, &#8220;s&#8221;-shaped center-bar buckle &#8212; kept w/a branded chicago screw for easy customization. Included w/an antique brass, branded travel screwdriver. Ornamented with an array of antique brass circular studs accenting its western filigree-inspired embossing, finished w/antique silver diamond studs running down the center length of the strap. Raw backing for a vintaged feel. 7 belt holes.  Materials  Full grain, vegetable-tanned leather. Antique brass and antique silver hardware. Imported  Dimensions  Width: 40mm Thickness: 3-3.3mm Sizes Offered: 32&#8243; &#8211; 42&#8243;","","","taxable","","1","","","0","0","","","","","1","","","145.00","Leather Belts, Women Belts","","","https://amezashopify.com/wp-content/uploads/2026/05/Baez-Wild-Ones-Belt.webp, https://amezashopify.com/wp-content/uploads/2026/05/Baez-Wild-Ones-Belt-2.webp, https://amezashopify.com/wp-content/uploads/2026/05/Baez-Wild-Ones-Belt-3.webp","","","","","","","","","0","Size","32|34|36|38|40|42","1","1","Color","Honey","1","1","","","0","0"
"456","variable","","Western Lace Belts","1","0","visible","Handcrafted for ultimate rugged durability, this belt is built from heavyweight, full-grain, vegetable-tanned American bison leather with a distinctive shrunken texture. It features a steel-molded antiqued buckle attached via custom-engraved Chicago screws, allowing you to easily swap it out for any 38mm buckle of your choice. A 40mm staple backed by a lifetime guarantee.","Our Western Lace Belt is handcrafted with full-grain, vegetable-tanned leather. The tapered strap is hand-laced and features a steel-molded, filigree-engraved, rope-edge three-piece Western buckle set in an antiqued, sterling silver finish. Cow-engraved Chicago screws allow you to switch out the 25mm buckle. The Western Lace Belt is built to last a lifetime. We stand behind our product—guaranteed for life.  Materials  Full-grain, vegetable tanned leather Steel-molded, antiqued, sterling silver finish Imported  Dimensions  25mm To 30mm TAPER Length: 32&#8243; &#8211; 42&#8243;","","","taxable","","1","","","0","0","","","","","1","","","145.00","Leather Belts, Women Belts","","","https://amezashopify.com/wp-content/uploads/2026/05/Western-Lace-Belt.webp, https://amezashopify.com/wp-content/uploads/2026/05/Western-Lace-Belt-2-1.webp, https://amezashopify.com/wp-content/uploads/2026/05/Western-Lace-Belt6.webp, https://amezashopify.com/wp-content/uploads/2026/05/Western-Lace-Belt5.webp, https://amezashopify.com/wp-content/uploads/2026/05/Western-Lace-Belt4.webp, https://amezashopify.com/wp-content/uploads/2026/05/Western-Lace-Belt-3.webp","","","","","","","","","0","Size","36|38|40|42|44","1","1","Color","Black|Cognac","1","1","","","0","0"
"435","variable","","Shrunken American Bison Belt","1","0","visible","Handcrafted for ultimate rugged durability, this belt is built from heavyweight, full-grain, vegetable-tanned American bison leather with a distinctive shrunken texture. It features a steel-molded antiqued buckle attached via custom-engraved Chicago screws, allowing you to easily swap it out for any 38mm buckle of your choice. A 40mm staple backed by a lifetime guarantee.","Our American Bison Belt is handcrafted from heavyweight, full-grain, vegetable-tanned American bison leather. The steel-molded antiqued buckle is connected to the strap with WILL Cow engraved Chicago screws, allowing the buckle to be switched out for another 38-millimeter buckle of your choice. The Shrunken American Bison Belt is built to last a lifetime. We stand behind our product—guaranteed for life.  Materials  Heavy weight full-grain vegetable-tanned American. Bison leather Steel-molded, antiqued buckle. Imported  Domensions  40mm | 32&#8243;-44&#8243; 7 holes for adjustment","","","taxable","","1","","","0","0","","","","","1","","","105.00","Leather Belts, Women Belts","","","https://amezashopify.com/wp-content/uploads/2026/05/60400_SHRUNKEN_BUFFALO_BELT_BROWN_00_038c92ca-dcdb-423b-b4f1-63a11fdfe5c3.webp, https://amezashopify.com/wp-content/uploads/2026/05/60400_SHRUNKEN_BUFFALO_BELT_BLACK_00_95aa3bef-196e-441e-a9b8-eb743b4f087e.webp, https://amezashopify.com/wp-content/uploads/2026/05/60400_SHRUNKEN_BUFFALO_BELT_BLACK_002_4ac2d9b5-852e-42d5-b805-4249d4cc3178.webp, https://amezashopify.com/wp-content/uploads/2026/05/60400_SHRUNKEN_BUFFALO_BELT_BLACK_003_c2853de7-3add-47eb-838d-eda73dc068ea.webp, https://amezashopify.com/wp-content/uploads/2026/05/60400_SHRUNKEN_BUFFALO_BELT_BROWN_003_ea729fb7-cd9a-40c2-b3df-053e26b3b56a.webp, https://amezashopify.com/wp-content/uploads/2026/05/60400_SHRUNKEN_BUFFALO_BELT_BROWN_002_78e0224e-a2a3-4bc2-bf16-5c38462a5bef.webp","","","","","","","","","0","Size","32|34|36|38|40|42","1","1","Color","Black|Cognac","1","1","","","0","0"
"407","variable","","Saddle Belt","1","0","visible","Reimagined from a cherished family heirloom, this classic 35mm jean and khaki belt is crafted from premium, full-grain vegetable-tanned leather—the same resilient grade used for equestrian saddles and harnesses. Infused with natural oils and waxes for a stunning, durable finish, it&#8217;s beautifully completed with an antique brass roller buckle.","Reimagined from a cherished belt inherited by Will from his grandfather, this classic jean belt is crafted from the same premium leather used for harnesses, bridles, and saddles. This classic jean and khaki belt is enriched with natural oils, waxes, and tallow, resulting in a stunning finish and a resilient product. The classic roller buckle is finished with antique brass.  Features  Width 35mm – 1.38 inches Sizes: 32&#8243; &#8211; 42&#8243;  Materials  Full Grain Vegetable-Tanned Leather Antique Silver/Brass Hardware Imported","","","taxable","","1","","","0","0","","","","","1","","","105.00","Leather Belts, Women Belts","","","https://amezashopify.com/wp-content/uploads/2026/05/Saddle-Belt.webp, https://amezashopify.com/wp-content/uploads/2026/05/60078_SADDLE_BELT_TAN_002_9110d29c-e5a5-4cd8-a68c-40cdbfa7578f-2.webp, https://amezashopify.com/wp-content/uploads/2026/05/Saddle-Belt3.webp","","","","","","","","","0","Size","32|34|36|38|40|42 44","1","1","Color","Light Brown|Black|Dark Brown|Medium Brown","1","1","","","0","0"
"284","simple","","CASIO Enticer Men Analog Watch","1","0","visible","The Casio Enticer Men Analog Watch blends classic styling with dependable Japanese quartz precision, making it a reliable everyday companion.","The Casio Enticer Men Analog Watch blends classic styling with dependable Japanese quartz precision, making it a reliable everyday companion. Reviewers highlight its comfortable fit, premium-looking finish and versatility for both formal and casual wear. Its reputation for durability and timeless design makes it a safe and stylish choice for those wanting an affordable yet elegant timepiece","","","taxable","","1","","","0","0","","","","","1","","","2995.00","Watches","","","https://amezashopify.com/wp-content/uploads/2026/05/shopping11.webp, https://amezashopify.com/wp-content/uploads/2026/05/shopping12.webp","","","","","","","","","0","","","0","0","","","0","0","","","0","0"
"281","simple","","Compact Portable Speaker","1","0","visible","Affordable Bluetooth speaker with balanced sound.","The Portronics Apollo One 20W Bluetooth Speaker stands out as a fun, budget-friendly party speaker that blends strong bass and clear vocals with handy karaoke features. Its built-in mic and echo control make it ideal for small gatherings or casual singing sessions, while the RGB lighting adds an engaging touch","","","taxable","","1","","","0","0","","","","","1","","","1249.00","Electronics","","","https://amezashopify.com/wp-content/uploads/2026/05/shopping9-2.webp, https://amezashopify.com/wp-content/uploads/2026/05/shopping10.webp","","","","","","","","","0","","","0","0","","","0","0","","","0","0"
"278","simple","","Wireless Party Speaker","1","0","visible","Loud sound output suitable for indoor and outdoor use.","The Philips 32W Portable Bluetooth Speaker (TAS2400BK) delivers loud, room‑filling sound with clear audio even at high volumes, making it ideal for home use or outdoor gatherings. Reviewers praise its strong Bluetooth connectivity, punchy bass, and portability, while its IPX4 water resistance and solid 10‑hour battery life make it a reliable companion for parties or picnics.","","","taxable","","1","","","0","0","","","","","1","","","1999.00","Electronics","","","https://amezashopify.com/wp-content/uploads/2026/05/download2.webp, https://amezashopify.com/wp-content/uploads/2026/05/shopping8-2.webp","","","","","","","","","0","","","0","0","","","0","0","","","0","0"
"274","simple","","Portable Bluetooth Speaker","1","0","visible","Compact speaker with punchy bass and long playback","The boAt Stone 650 10 W Bluetooth Speaker offers a rugged yet stylish design with dual drivers that deliver punchy, bass-forward sound, making it a great choice for outdoor or casual listening. Its affordable price and compact build appeal to those wanting reliable, travel-friendly performance without sacrificing audio impact","","","taxable","","1","","","0","0","","","","","1","","","999.00","Electronics","","","https://amezashopify.com/wp-content/uploads/2026/05/download-1.webp, https://amezashopify.com/wp-content/uploads/2026/05/shopping7-1.webp","","","","","","","","","0","","","0","0","","","0","0","","","0","0"
"270","simple","","Premium Smartwatch","1","0","visible","Modern design with multiple sports and calling features","The Boat Lunar Discovery Pro Smartwatch blends sleek metal styling with a sharp 1.39-inch HD display and reliable health tracking, appealing to users seeking a premium look at an accessible price. Reviewers highlight its comfortable fit, smooth touchscreen, and week-long battery life with Bluetooth calling support, making it a solid all-rounder for daily wear.","","","taxable","","1","","","0","0","","","","","1","","","1499.00","Watches","","","https://amezashopify.com/wp-content/uploads/2026/05/shopping5-1.webp, https://amezashopify.com/wp-content/uploads/2026/05/shopping6-1.webp","","","","","","","","","0","","","0","0","","","0","0","","","0","0"
"267","simple","","Everyday Smartwatch","1","0","visible","Lightweight smartwatch with health monitoring tools.","The Noise Twist Go Smartwatch blends budget-friendly style with practical health and connectivity features. Its 1.39-inch display, Bluetooth calling, and water resistance make it appealing for users wanting an affordable yet capable fitness companion. Reviewers highlight its attractive design and strong battery life as standout advantages","","","taxable","","1","","","0","0","","","","","1","","","1699.00","Watches","","","https://amezashopify.com/wp-content/uploads/2026/05/shopping3-1.webp, https://amezashopify.com/wp-content/uploads/2026/05/shopping4-1.webp","","","","","","","","","0","","","0","0","","","0","0","","","0","0"
"264","simple","","Bluetooth Calling Smartwatch","1","0","visible","Stylish smartwatch with fitness tracking features.","The Noise Twist 2 Smartwatch offers strong value for money with its bright AMOLED display, sturdy metal design, and Bluetooth calling convenience. Users highlight its smooth performance, user-friendly interface, and solid battery backup, making it a reliable choice for daily fitness tracking and smart features.","","","taxable","","1","","","0","0","","","","","1","","","2299.00","Watches","","","https://amezashopify.com/wp-content/uploads/2026/05/shopping-1-1.webp, https://amezashopify.com/wp-content/uploads/2026/05/shopping2.webp","","","","","","","","","0","","","0","0","","","0","0","","","0","0"
"260","simple","","Fitness Smartwatch","1","0","visible","Tracks heart rate, sleep, and activity efficiently.","The Noise Pulse Hyper Smartwatch combines a bright 1.85-inch display with an impressive 21-day battery life, making it ideal for users seeking style and practicality. Its lightweight design and health-tracking functions such as heart rate and SpO₂ monitoring make it a dependable everyday companion for fitness and work alike.","","","taxable","","1","","","0","0","","","","","1","","","1199.00","Watches","","","https://amezashopify.com/wp-content/uploads/2026/05/download-1-1.jpeg, https://amezashopify.com/wp-content/uploads/2026/05/61wTYdDFelL._AC_UF10001000_QL80_.jpg","","","","","","","","","0","","","0","0","","","0","0","","","0","0"
"257","simple","","True Wireless Earbuds","1","0","visible","Comfortable fit with clear calling and deep bass.","The Noise Buds N1 Truly Wireless Earbuds appeal to budget-conscious listeners seeking balanced sound and stylish design without compromising on everyday usability. Reviewers note that they deliver strong bass and clear audio for their price point, alongside practical battery performance and a comfortable fit for long listening sessions.","","","taxable","","1","","","0","0","","","","","1","","","899.00","Electronics","","","https://amezashopify.com/wp-content/uploads/2026/05/shopping9.webp, https://amezashopify.com/wp-content/uploads/2026/05/shopping9-1.webp","","","","","","","","","0","","","0","0","","","0","0","","","0","0"
"254","simple","","Budget Wireless Earbuds","1","0","visible","Long battery backup with immersive sound quality.","The boAt Airdopes 213 are designed for budget-minded listeners who value long, uninterrupted playback and reliable call quality. With ENx™ noise-cancellation tech and BEAST™ low-latency mode, they suit both music enthusiasts and casual gamers seeking crisp audio and minimal lag. Their lightweight build and 50-hour total battery life make them convenient for everyday commuting and extended use.","","","taxable","","1","","","0","0","","","","","1","","","899.00","Electronics","","","https://amezashopify.com/wp-content/uploads/2026/05/shopping8-1.webp, https://amezashopify.com/wp-content/uploads/2026/05/shopping7.webp","","","","","","","","","0","","","0","0","","","0","0","","","0","0"
"250","simple","","Men’s Utility Cargo Pants","1","0","visible","Comfortable loose-fit cargo trousers with multiple pockets.","H&M’s Men’s Loose Fit Cargo Trousers combine a laid-back, utilitarian look with everyday comfort thanks to their relaxed yet tailored silhouette and soft cotton twill. They offer a versatile base for streetwear or casual outfits, appealing to anyone seeking affordability and trend-conscious design without sacrificing ease of movement","","","taxable","","1","","","0","0","","","","","1","","","1799.00","Clothing","","","https://amezashopify.com/wp-content/uploads/2026/05/shopping5.webp, https://amezashopify.com/wp-content/uploads/2026/05/shopping6.webp","","","","","","","","","0","","","0","0","","","0","0","","","0","0"
"246","simple","","Graphic Printed Cotton Tee","1","0","visible","Breathable 100% cotton t-shirt with trendy graphic print.","This Nobero men’s printed T-shirt offers a soft, breathable 100% cotton fabric ideal for everyday comfort in warm weather. Its minimalist sand-toned design makes it easy to pair with casual or athleisure outfits. Nobero’s focus on trendy yet understated style ensures it fits seamlessly into a modern, fashion-forward wardrobe.","","","taxable","","1","","","0","0","","","","","1","","","599.00","Clothing","","","https://amezashopify.com/wp-content/uploads/2026/05/shopping4.webp, https://amezashopify.com/wp-content/uploads/2026/05/71FR0UmKEnL._AC_UY1100_-1.jpg","","","","","","","","","0","","","0","0","","","0","0","","","0","0"
"239","simple","","Unisex Winter Hoodie","1","0","visible","Cozy fleece hoodie with modern oversized design for casual wear.","The H&M Men&#8217;s Loose Fit Hoodie is a comfortable, everyday essential praised for its soft feel and reliable fit. Its midweight cotton-blend fabric offers a relaxed drape suitable for layering, while reviewers highlight its durability and true-to-size fit, making it a versatile addition to any casual wardrobe.","","","taxable","","1","","","0","0","","","","","1","","","1499.00","Clothing","","","https://amezashopify.com/wp-content/uploads/2026/05/shopping3.webp, https://amezashopify.com/wp-content/uploads/2026/05/IWrpuvZZ_b7adf3988809458eab9017a84d54d83a-1.jpg","","","","","","","","","0","","","0","0","","","0","0","","","0","0"
"236","simple","","Savana Apricot Ruffle A-Line Dress","1","0","visible","Lightweight floral dress with ruffle detailing and comfortable fit.","The Savana Apricot Ruffle A-Line Dress blends breezy elegance with a flattering silhouette, making it perfect for summer holidays or casual garden events. Shoppers highlight its charming ruffle detailing and soft, feminine hue, offering a look that feels both relaxed and refined.","","","taxable","","1","","","0","0","","","","","1","","","1290.00","Clothing","","","https://amezashopify.com/wp-content/uploads/2026/05/download-1.jpeg, https://amezashopify.com/wp-content/uploads/2026/05/f1ad4c2d7e3a4ba89cf34f56993c91c1_w540-1.webp","","","","","","","","","0","","","0","0","","","0","0","","","0","0"
"233","simple","","Oversized Casual Cotton T-Shirt","1","0","visible","Soft cotton fabric with relaxed fit for everyday streetwear styling.","Customers on H&M’s site praise the heavyweight cotton and softness of the Loose Fit T-shirt, noting that it feels sturdy and comfortable to wear throughout the day.","","","taxable","","1","","","0","0","","","","","1","","","999.00","Clothing","","","https://amezashopify.com/wp-content/uploads/2026/05/shopping2-1.webp, https://amezashopify.com/wp-content/uploads/2026/05/shopping-1.webp","","","","","","","","","0","","","0","0","","","0","0","","","0","0"
"208","simple","","English Bevel Edge Jean Belt","1","0","visible","Our English Bevel Edge Jean Belt is handcrafted with heavyweight, full-grain, vegetable-tanned leather","This belt features-hand burnished & rounded edges and an antique silver-finish roller buckle handcrafted in zinc. The belt features snap closures for easy access to change/replace the buckle","","","taxable","","1","","","0","0","","","","","1","","","75.00","SALE","","","https://amezashopify.com/wp-content/uploads/2026/05/60249-Bevel_Edge-BLK-1.webp, https://amezashopify.com/wp-content/uploads/2026/05/60249-Bevel_Edge-BLK-2.webp","","","","","","","","","0","","","0","0","","","0","0","","","0","0"
"204","simple","","Two-Tone Five Strand Braided Belt","1","0","visible","Crafted from glossy and burnished, full grain, vegetable tanned leather, this two tone design brings added depth and character to a classic silhouette","A brushed silver square jean buckle keeps the style clean and versatile. The buckle is secured with a reinforced, stitched pointed tab for durability and everyday strength.  Hand crafted with a raw leather backing, the strap carries a natural, rustic feel that reflects honest craftsmanship. The braided construction allows for wide range adjustability, giving you a flexible, comfortable fit wherever you choose to secure it.  We stand behind our craftsmanship, guaranteed for life.","","","taxable","","1","","","0","0","","","","","1","","","51.00","SALE","","","https://amezashopify.com/wp-content/uploads/2026/05/60451_TWO_TONE_FIVE_STRAND_BRAIDED_BELT_BLACK_TAN_001.webp, https://amezashopify.com/wp-content/uploads/2026/05/60451_TWO_TONE_FIVE_STRAND_BRAIDED_BELT_BLACK_TAN_002.webp","","","","","","","","","0","","","0","0","","","0","0","","","0","0"
"201","simple","","Twelve Strand Luxe Crafted Braided Belt","1","0","visible","Crafted from matte and burnished, full-grain, vegetable-tanned leather, this belt showcases the depth and dimension that only true hand braiding can achieve.","A brushed silver oval center bar buckle provides a clean, modern contrast to the textured braid. The buckle is secured with a reinforced, saddle-stitched tab and finished with a subtle cow brand emboss for added character.  The woven strap is backed with raw leather, giving it a natural, rustic feel and honest structure. Designed for wide range adjustability, the braided construction allows for a custom fit wherever you choose to secure it.  We stand behind our craftsmanship, guaranteed for life.","","","taxable","","1","","","0","0","","","","","1","","","66.00","SALE","","","https://amezashopify.com/wp-content/uploads/2026/05/60453_TWELVE_STRAND_LUXE_CRAFTED_BRAIDED_BLACK_001.webp, https://amezashopify.com/wp-content/uploads/2026/05/60453_TWELVE_STRAND_LUXE_CRAFTED_BRAIDED_BLACK_002.webp","","","","","","","","","0","","","0","0","","","0","0","","","0","0"
"196","simple","","Everyday Pack Canvas &#038; Leather","1","0","visible","Our Canvas & Leather Everyday Pack is handcrafted with industrial-grade 18-ounce 100% cotton canvas (or 14-ounce cotton denim) and trimmed with full-grain, vegetable-tanned leather.","A steel-riveted adjustable leather strap allows you to carry the Everyday Pack over your shoulder, across your chest, or around your waist. An exterior back panel slip pocket allows for quick access, while a brass YKK zipper secures your belongings. Built for a lifetime of journeys, our Canvas and Leather Everyday Pack is guaranteed for life.","","","taxable","","1","","","0","0","","","","","1","","","95.00","SALE","","","https://amezashopify.com/wp-content/uploads/2026/05/31871_EVERYDAY_PACK_CANVAS_AND_LEATHER_TOBACCO_COGNAC_001.webp, https://amezashopify.com/wp-content/uploads/2026/05/31871_EVERYDAY_PACK_CANVAS_AND_LEATHER_TOBACCO_COGNAC_002.webp","","","","","","","","","0","","","0","0","","","0","0","","","0","0"
"154","simple","","Twenty Four Seven Canvas &#038; Leather Tote","1","0","visible","Our Twenty-Four Seven Canvas and Leather Tote is handcrafted with industrial-grade 18-ounce 100% cotton canvas (or 14-ounce denim) and full-grain vegetable-tanned leather trim","The interior is lined with our signature plaid, featuring a padded compartment to hold up to a 17” laptop and a slip pocket for additional organization. Box-stitching a dual steel rivet reinforcement secures the rolled handles, which fit easily on the shoulder or in the hand. Your belongings are secured with a two-way brass YKK zipper, while a leather base protects against wear and ensures durability. We stand behind our product—guaranteed for life.","","","taxable","","1","","","0","0","","","","","1","","","178.00","SALE","","","https://amezashopify.com/wp-content/uploads/2026/05/31870_TWENTY_FOUR_SEVEN_CANVAS_AND_LEATHER_TOTE_DENIM_TAN_001-1.webp, https://amezashopify.com/wp-content/uploads/2026/05/31870_TWENTY_FOUR_SEVEN_CANVAS_AND_LEATHER_TOTE_DENIM_TAN_002-1.webp","","","","","","","","","0","","","0","0","","","0","0","","","0","0"
"149","simple","","OVAL KEY FOB","1","0","visible","Handcrafted in a small Florentine workshop, the Oval Shaped Key Fob honors true heritage craft—built for durability and designed for easy use.","Full-grain, vegetable-tanned Italian leather is shaped into an oval silhouette with a secure and comfortable grip. A sand-cast solid brass ring secures your keys. The leather will patina with use, quietly gaining character with every door you open along the way.","","","taxable","","1","","","0","0","","","","","1","","","45.00","New Collection","","","https://amezashopify.com/wp-content/uploads/2026/05/20009_OVAL_SHAPE_KEYFOB_BROWN_001.webp, https://amezashopify.com/wp-content/uploads/2026/05/20009_OVAL_SHAPE_KEYFOB_BROWN_003.webp","","","","","","","","","0","","","0","0","","","0","0","","","0","0"
"146","simple","","Golden Age Mini Basketball","1","0","visible","This vintage mini leather basketball embodies the rugged charm and craftsmanship of an earlier era","Hand-stitched panels of rich, weathered leather give this ball a warm patina evoking stories of past games and well-worn tradition. Displayed on a shelf or desk, a vintage leather ball becomes more than a sports artifact—it’s a tangible link to personal journeys, nostalgia, and a constant reminder of our enduring passion for the game.","","","taxable","","1","","","0","0","","","","","1","","","85.00","New Collection","","","https://amezashopify.com/wp-content/uploads/2026/05/91237_MINI_GOLDEN_AGE_BASKETBALL_BURNISHED_TAN_001-1.webp","","","","","","","","","0","","","0","0","","","0","0","","","0","0"
"144","simple","","ITALIAN CARD CASE","1","0","visible","Minimal by design and timeless by nature, the Italian Card Case is handcrafted from premium vegetable-tanned leather sourced in Italy.","Built for those who believe simplicity is luxury, its slim profile disappears easily into a pocket while developing a rich patina unique to its owner. Quietly refined, it is the kind of everyday piece that only gets better with time.","","","taxable","","1","","","0","0","","","","","1","","","85.00","New Collection","","","https://amezashopify.com/wp-content/uploads/2026/05/21623_ITALIAN_CARD_CASE_CAFE_001-2.webp, https://amezashopify.com/wp-content/uploads/2026/05/21623_ITALIAN_CARD_CASE_CAFE_002.webp","","","","","","","","","0","","","0","0","","","0","0","","","0","0"
"139","simple","","Simple Mini &#8220;V&#8221; Hobo","1","0","visible","The Simple “V” Hobo is crafted from smooth, waxy full-grain leather that softens and gains character with every day of use.","The clean “V” shape sits comfortably under the arm, secured with magnetic closure clasps for easy, everyday access. Inside, a slip pocket keeps small essentials organized, while reinforced stitching and rivet placement add strength where it matters most. Antique brass hardware and an adjustable shoulder strap provide durability and a comfortable carry. Finished with waxed cord accents and the signature hanging Will Leather Goods medallion.  Simple in form, dependable in build, and designed to travel with you every day.  We stand behind our product—guaranteed for life.","","","taxable","","1","","","0","0","","","","","1","","","165.00","New Collection","","","https://amezashopify.com/wp-content/uploads/2026/05/31921_SIMPLE_V_HOBO_PURPLE_001.webp, https://amezashopify.com/wp-content/uploads/2026/05/31921_SIMPLE_V_HOBO_PURPLE_0022.webp","","","","","","","","","0","","","0","0","","","0","0","","","0","0"
"133","simple","","Simple Mini Double Handle Shoulder","1","0","visible","The Simple Double Handle Shoulder is crafted from smooth, waxy full-grain leather that softens and develops character with every mile.","A top YKK zipper keeps your essentials secure, with pull tabs on each side for easy access. Inside, a slip pocket helps keep smaller items organized. Reinforced stitching and rivet placement provide strength where it matters most, while antique brass hardware adds durability and a timeless finish. The double shoulder straps offer a comfortable carry, finished with waxed cord accents and the signature hanging Will Leather Goods medallion.  Simple in form, dependable in build, and designed to be carried day after day.  We stand behind our product—guaranteed for life.","","","taxable","","1","","","0","0","","","","","1","","","175.00","New Collection","","","https://amezashopify.com/wp-content/uploads/2026/05/31922_SIMPLE_DOUBLE_HANDLE_SHOULDER_RED_005_af521b6b-9763-4eec-98f4-9685495b45df.webp, https://amezashopify.com/wp-content/uploads/2026/05/31922_SIMPLE_DOUBLE_HANDLE_SHOULDER_RED_003.webp","","","","","","","","","0","","","0","0","","","0","0","","","0","0"
"115","simple","","William Pocket Secretary","1","0","visible","The William Pocket Secretary is handcrafted from certified full-grain, glazed, vegetable-tanned Italian leather, and features corner elbows in antique brass to ensure a lifetime of use","Its slim design fits smoothly in your interior jacket pocket, and provides twelve slots for credit cards, along with space for cash, passport, and ID.We stand behind our product — guaranteed for life.","","","taxable","","1","","","0","0","","","","","1","","","225.00","Leather Wallets","","","https://amezashopify.com/wp-content/uploads/2026/05/0.PDP-Lower_LS_Shots-BK-1-1.jpg, https://amezashopify.com/wp-content/uploads/2026/05/21616_WILLIAM_POCKET_SECRETARY_BLACK_A_5c6bab02-2ca8-46d8-a0ef-e603ce803fb2.webp","","","","","","","","","0","","","0","0","","","0","0","","","0","0"
"112","simple","","Signature Women&#8217;s Cardholder Wallet","1","0","visible","Soft, organized, and designed for everyday carry.","Inside, eleven card slots and five side slip pockets keep everything neatly arranged. A cotton twill lining adds durability, and the RFID protected metal mesh ID window offers an extra layer of security. The bridge snap closure keeps the wallet securely shut while maintaining a clean, refined look.  Crafted with premium materials and made to endure, it is backed by our lifetime guarantee.","","","taxable","","1","","","0","0","","","","","1","","","95.00","Leather Wallets","","","https://amezashopify.com/wp-content/uploads/2026/05/20774_SIGNATURE_WOMENS_CARDHOLDER_2026_TAN_001-1.webp, https://amezashopify.com/wp-content/uploads/2026/05/20774_SIGNATURE_WOMENS_CARDHOLDER_2026_TAN_002-1-1.webp","","","","","","","","","0","","","0","0","","","0","0","","","0","0"
"107","simple","","Classic Money Clip","1","0","visible","The Classic Money Clip is handcrafted from full-grain, vegetable-tanned leather.","Designed with an ultra-strong magnetic snap closure to secure your cash, the Classic Money Clip easily fits into your front pocket. The Classic Money Clip is stitched with industrial-grade nylon thread at nine stitches per inch to ensure its durability. We stand behind our product—guaranteed for life.","","","taxable","","1","","","0","0","","","","","1","","","60.00","Leather Wallets","","","https://amezashopify.com/wp-content/uploads/2026/05/21407_MONEY_CLIP_WALLET_2026_TAN_001-1.webp, https://amezashopify.com/wp-content/uploads/2026/05/21407_MONEY_CLIP_WALLET_2026_TAN_002.webp","","","","","","","","","0","","","0","0","","","0","0","","","0","0"
"103","simple","","Tradesman Slim Wallet","1","0","visible","The William Tradesman Slim Wallet is handcrafted from certified full-grain, vegetable-tanned Italian leather.","Designed to fit in your front pocket for extra security, the Tradesman Slim Wallet offers a sleek profile yet provides generous capacity with four card slots and a dedicated pocket for currency or additional cards. It features a metal-mesh ID slot on the back panel for easy access to your ID. Antique brass reinforcements at the bottom corners ensure the Tradesman Slim Wallet lasts for a lifetime. We stand behind our product—guaranteed for life.","","","taxable","","1","","","0","0","","","","","1","","","145.00","Leather Wallets","","","https://amezashopify.com/wp-content/uploads/2026/05/21228_TRADESMAN_SLIM_WALLET_GREEN_001.webp, https://amezashopify.com/wp-content/uploads/2026/05/21228_TRADESMAN_SLIM_WALLET_GREEN_002.webp","","","","","","","","","0","","","0","0","","","0","0","","","0","0"
"99","simple","","Classic Billfold","1","0","visible","Our Classic Billfold is handcrafted from full-grain, vegetable-tanned leather.","Lined in our signature plaid, the wallet features five credit card slots, a metal-mesh-covered ID window, two hidden card pockets, and two billfold compartments. The Classic Billfold is stitched with industrial-grade nylon thread at nine stitches per inch to ensure its durability. We stand behind our product—guaranteed for life.","","","taxable","","1","","","0","0","","","","","1","","","105.00","Leather Wallets","","","https://amezashopify.com/wp-content/uploads/2026/05/21406_CLASSIC_BILLFOLD_TAN_001.webp, https://amezashopify.com/wp-content/uploads/2026/05/21406_CLASSIC_BILLFOLD_TAN_V2_01.webp","","","","","","","","","0","","","0","0","","","0","0","","","0","0"
"97","simple","","Leather Braided Wax Cord Belt","1","0","visible","Our Leather Braided Wax Cord Belt is handcrafted from full-grain, vegetable-tanned, heavy-gauge 100% cotton waxed cord","A leather-wrapped, steel-molded buckle is attached by a hand-stitched leather tab for durability. The Leather & Braid Wax Cord Belt is built to last a lifetime. We stand behind our product—guaranteed for life.","","","taxable","","1","","","0","0","","","","","1","","","110.00","Leather Belts","","","https://amezashopify.com/wp-content/uploads/2026/05/60792_LEATHER_AND_BRAIDED_WAXED_CORD_BELT_BROWN_01_345ce6c1-e5d1-45b8-a5cc-2edd664e4207.webp, https://amezashopify.com/wp-content/uploads/2026/05/60792_LEATHER_AND_BRAIDED_WAXED_CORD_BELT_BROWN_02_3350878b-af75-4ae8-a120-d876ba3d77a6-1.webp","","","","","","","","","0","","","0","0","","","0","0","","","0","0"
"94","simple","","Western Lace Belt","1","0","visible","Our Western Lace Belt is handcrafted with full-grain, vegetable-tanned leather.","The tapered strap is hand-laced and features a steel-molded, filigree-engraved, rope-edge three-piece Western buckle set in an antiqued, sterling silver finish. Cow-engraved Chicago screws allow you to switch out the 25mm buckle. The Western Lace Belt is built to last a lifetime. We stand behind our product—guaranteed for life.","","","taxable","","1","","","0","0","","","","","1","","","145.00","Leather Belts","","","https://amezashopify.com/wp-content/uploads/2026/05/60217_TAPERED_LACE_BELT_COGNAC_001-1.webp, https://amezashopify.com/wp-content/uploads/2026/05/60217_TAPERED_LACE_BELT_COGNAC_0021.webp","","","","","","","","","0","","","0","0","","","0","0","","","0","0"
"88","simple","","VINTAGE WASHED BELT","1","0","visible","Our Vintage Washed Belt is handcrafted with heavyweight, full-grain, vegetable-tanned leather","Our artisans hand-burnish the edges of the belt and add creases and wrinkles for a time-worn, vintage effect. The steel-molded antique brass finish roller buckle is connected to the strap with WILL cow-engraved Chicago screws, allowing the buckle to be switched out for another 38-millimeter buckle of your choice. The Vintage Washed Belt is built to last a lifetime. We stand behind our product—guaranteed for life.","","","taxable","","1","","","0","0","","","","","1","","","105.00","Leather Belts","","","https://amezashopify.com/wp-content/uploads/2026/05/60183_VINTAGE_WASHED_BELT_TAN-1_a5c4c625-8c52-4fd5-aead-16bf4623d485.webp, https://amezashopify.com/wp-content/uploads/2026/05/60183_VINTAGE_WASHED_BELT_TAN-2_d1198662-3066-4c39-9943-c24e0fc9eb22.webp","","","","","","","","","0","","","0","0","","","0","0","","","0","0"
"83","simple","","Leather Buckle Belt","1","0","visible","Our Leather Buckle Belt is handcrafted with heavyweight, full-grain, vegetable-tanned leather.","Featuring a unique, leather buckle with a steel-molded, antiqued brass finish prong and paired with hand-burnished edges. The Leather Buckle Belt is built to last a lifetime. We stand behind our product—guaranteed for life","","","taxable","","1","","","0","0","","","","","1","","","145.00","Leather Belts","","","https://amezashopify.com/wp-content/uploads/2026/05/60445_LEATHER_BUCKLE_BELT_BLACK_001_54b4bc7c-3163-42f2-8488-a5d1799fd3d4.webp, https://amezashopify.com/wp-content/uploads/2026/05/60445_LEATHER_BUCKLE_BELT_BLACK_003_083535f2-6468-482d-88a6-2b1b63d9953a.webp","","","","","","","","","0","","","0","0","","","0","0","","","0","0"
"79","simple","","Saddle Belt","1","0","visible","Reimagined from a cherished belt inherited by Will from his grandfather, this classic jean belt is crafted from the same premium leather used for harnesses, bridles, and saddles","This classic jean and khaki belt is enriched with natural oils, waxes, and tallow, resulting in a stunning finish and a resilient product. The classic roller buckle is finished with antique brass","","","taxable","","1","","","0","0","","","","","1","","","105.00","Leather Belts","","","https://amezashopify.com/wp-content/uploads/2026/05/60078_SADDLE_BELT_TAN_001_61d8e0d1-3437-47b3-b85c-79c3836fbe2b.webp, https://amezashopify.com/wp-content/uploads/2026/05/60078_SADDLE_BELT_TAN_002_9110d29c-e5a5-4cd8-a68c-40cdbfa7578f.webp","","","","","","","","","0","","","0","0","","","0","0","","","0","0"
"76","simple","","Otto Crossbody","1","0","visible","The Otto Crossbody Bag is handcrafted with industrial-grade 18-ounce 100% cotton canvas and full-grain, vegetable-tanned leather.","Our detachable and adjustable industrial-grade cotton webbing strap with removable memory foam pad can be slung on the shoulder or across your torso. Under the leather flap there is a large slip pocket and a zippered pocket for fast access to your essentials. Lined in our signature plaid, the interior features extensive organization—including a roomy zipper pocket, three slip pockets, a business card slot, an antique brass key clip, and a padded laptop sleeve. Our skilled artisans take 139 steps from the first cut of the leather to the final hand-hammered rivet to ensure our Otto lasts a lifetime. We stand behind our product—guaranteed for life.","","","taxable","","1","","","0","0","","","","","1","","","450.00","Leather &amp; Canvas Backpacks","","","https://amezashopify.com/wp-content/uploads/2026/05/31201_OTTO_CROSSBODY_TAN_001-1.webp, https://amezashopify.com/wp-content/uploads/2026/05/31201_OTTO_CROSSBODY_TAN_002.webp","","","","","","","","","0","","","0","0","","","0","0","","","0","0"
"56","simple","","Phone Crossbody Mini","1","0","visible","The Mini Phone Crossbody is handcrafted from full-grain, vegetable-tanned leather. An exterior pocket keeps your phone at the ready, while three tab-closure credit card slots keep you organized.","The main compartment uses a smooth-running YKK brass zipper, and the highly adjustable strap allows you to wear this style on your shoulder or across your torso. Hand-stitched wax cord bar-tacks at the corners add reinforcement, ensuring the Mini Phone Crossbody lives up to our Lifetime Guarantee. We stand behind our product—guaranteed for life.","","","taxable","","1","","","0","0","","","","","1","","","135.00","","","","https://amezashopify.com/wp-content/uploads/2026/05/20811_PHONE_CROSSBODY_MINI_TAN_0031.webp, https://amezashopify.com/wp-content/uploads/2026/05/20811_PHONE_CROSSBODY_MINI_TAN_004.webp, https://amezashopify.com/wp-content/uploads/2026/05/20811_PHONE_CROSSBODY_MINI_TAN_002.webp","","","","","","","","","0","","","0","0","","","0","0","","","0","0"
"54","simple","","Rainier Leather Backpack","1","0","visible","The Rainier Backpack is handcrafted with full-grain, vegetable-tanned leather. Three exterior pockets feature leather loop and tab closures to secure your belongings","A hand-stitched leather top handle fits comfortably in the hand and hangs securely on a hook. Enter the bag through a hidden exterior back panel zipper or through the main entry drawstring and flap with our tab and loop closure. The interior back panel is lined in our signature plaid and features a zippered pocket and two slip pockets for your phone and sunglasses. Padded leather backpack straps with quilted diamond stitching adjust easily to fit your body. Steel rivets and box stitching ensure the Rainier backpack will last a lifetime. We stand behind our product—guaranteed for life.","","","taxable","","1","","","0","0","","","","","1","","","498.00","Leather &amp; Canvas Backpacks","","","https://amezashopify.com/wp-content/uploads/2026/05/31559_RAINIER_BACKPACK_TWO_TONE_COGNAC_AND_TAN_001_9768d146-82e4-4ea4-975a-314eb9e4cdcb.webp, https://amezashopify.com/wp-content/uploads/2026/05/31559_RAINIER_BACKPACK_TWO_TONE_COGNAC_AND_TAN_002_ffc03872-0ade-433d-93b9-2c262802112a.webp, https://amezashopify.com/wp-content/uploads/2026/05/31559_RAINIER_BACKPACK_TWO_TONE_COGNAC_AND_TAN_002_ffc03872-0ade-433d-93b9-2c262802112a-1.webp","","","","","","","","","0","","","0","0","","","0","0","","","0","0"
"52","simple","","Wallace Messenger Bag","1","0","visible","The Wallace Messenger Bag is handcrafted with industrial-grade 18-ounce 100% cotton canvas and full-grain, vegetable-tanned leather.","Our skilled artisans take 139 steps from the first cut of the leather to the final hand-hammered rivet to ensure our Travel Duffle lasts a lifetime—we guarantee it. Double-reinforced box stitching, dual hand-hammered steel rivets, and a leather-wrapped top handle allow you to carry your Wallace by hand. Our detachable and adjustable industrial-grade cotton webbing strap with removable memory foam pad can be slung on the shoulder or across your torso.","","","taxable","","1","","","0","0","","","","","1","","","425.00","Leather &amp; Canvas Backpacks","","","https://amezashopify.com/wp-content/uploads/2026/05/31803_WALLACE_MEESENGER_TOBACCO-SADDLE_007_9f26780b-778d-4237-99af-85a31a462b82-1.webp, https://amezashopify.com/wp-content/uploads/2026/05/31803_WALLACE_MEESENGER_TOBACCO-SADDLE_008_39d37383-3817-4e58-86dd-c6ec4337b3d3.webp","","","","","","","","","0","","","0","0","","","0","0","","","0","0"
"49","simple","","Simple Tote","1","0","visible","Our Simple Tote is handcrafted from full-grain, vegetable-tanned leather.","Our Simple Tote is handcrafted from full-grain, vegetable-tanned leather. Designed with the idea of showing the art of leathercraft, the Simple Collection features an unlined interior, which allows you to see how Will Leather Goods are truly built to last. A leather panel debossed with the Will Leather Goods logo adds structure, while hand-stitched, wax cord bar-tacks add an artisanal detail. The roomy interior features a leather triple pocket for organization of your phone, sunglasses, and keys. Dual steel rivets and box stitching secure the Simple Tote handles. We stand behind our product—guaranteed for life.","","","taxable","","1","","","0","0","","","","","1","","","195.00","Leather &amp; Canvas Backpacks","","","https://amezashopify.com/wp-content/uploads/2026/05/31808_SIMPLE_TOTE_GREEN_001_67e7f25d-ed40-44e5-bad6-f747f15890be.webp, https://amezashopify.com/wp-content/uploads/2026/05/31808_SIMPLE_TOTE_GREEN_002_cbb13d61-3d3b-4c3e-b90e-e755367ca107.webp, https://amezashopify.com/wp-content/uploads/2026/05/31808_SIMPLE_TOTE_GREEN_002_cbb13d61-3d3b-4c3e-b90e-e755367ca107-1.webp","","","","","","","","","0","","","0","0","","","0","0","","","0","0"
"47","simple","","Lennon Canvas &#038; Leather Backpack","1","0","visible","The Lennon Backpack is handcrafted with industrial-grade 18-ounce 100% cotton canvas and full-grain, vegetable-tanned leather. A large leather flap secures with leather straps and steel snaps, and a leather drawstring keeps your belongings secure.","Three exterior flap pockets snap closed with proprietary finger-bridges for easy access. Reinforced box stitching and a leather-wrapped top handle allow you to carry your Lennon by hand, while adjustable canvas and webbing straps rest comfortably on the shoulders to wear as a backpack. Lined in our signature plaid, the interior features extensive organization—including a roomy zipper pocket, three slip pockets, a business card slot, an antique brass key clip, and a padded laptop sleeve. Our skilled artisans take 139 steps from the first cut of the leather to the final hand-hammered rivet to ensure our Lennon Backpack lasts a lifetime. We stand behind our product—guaranteed for life.","","","taxable","","1","","","0","0","","","","","1","","","425.00","Leather &amp; Canvas Backpacks","","","https://amezashopify.com/wp-content/uploads/2026/05/31014_LENNON_BACKPACK_TOBACCO_02.webp, https://amezashopify.com/wp-content/uploads/2026/05/31014_LENNON_BACKPACK_TOBACCO_03.webp","","","","","","","","","0","","","0","0","","","0","0","","","0","0"